https://blog.naver.com/kwg803?Redirect=Log&logNo=221269927921,,,,,,T
https://blog.naver.com/kgl0707?Redirect=Log&logNo=221958281532,,,,,,T
https://blog.naver.com/lifebook57?Redirect=Log&logNo=221465295865,,,,,,T
https://blog.naver.com/webper21?Redirect=Log&logNo=40200344758,,,,,,F
https://blog.naver.com/mnonz?Redirect=Log&logNo=221543291129,,,,,,F
https://blog.naver.com/pcki2000?Redirect=Log&logNo=220052125536,,,,,,T
https://blog.naver.com/webper21?Redirect=Log&logNo=40195334744,,,,,,F
https://blog.naver.com/webper21?Redirect=Log&logNo=40206308946,,,,,,F
https://blog.naver.com/lakeparkinnocity?Redirect=Log&logNo=221609862787,,,,,,T
https://blog.naver.com/songpyeonduk?Redirect=Log&logNo=110123947818,,,,,,T
https://blog.naver.com/namdokorea?Redirect=Log&logNo=220515141048,,,,,,T
https://blog.naver.com/zzangddoly?Redirect=Log&logNo=30089303943,,,,,,T
https://blog.naver.com/unviajero?Redirect=Log&logNo=221326326379,,,,,,F
https://blog.naver.com/sajapyung?Redirect=Log&logNo=221638898377,,,,,,T
https://blog.naver.com/pyhoo11?Redirect=Log&logNo=220568399280,,,,,,F
https://blog.naver.com/yoonina8?Redirect=Log&logNo=222224969305,,,,,,T
https://blog.naver.com/flyyc8402?Redirect=Log&logNo=222577145350,,,,,,T
https://blog.naver.com/starmom11?Redirect=Log&logNo=100193562248,,,,,,T
https://blog.naver.com/sakaman?Redirect=Log&logNo=220191038808,,,,,,T
https://blog.naver.com/webper21?Redirect=Log&logNo=40200291626,,,,,,F
https://blog.naver.com/babyidea?Redirect=Log&logNo=221460887934,,,,,,T
https://blog.naver.com/hnmh2332?Redirect=Log&logNo=221510607959,,,,,,T
https://blog.naver.com/kfox01?Redirect=Log&logNo=221235011678,,,,,,T
https://blog.naver.com/yeoyou6?Redirect=Log&logNo=221158122501,,,,,,T
https://blog.naver.com/webper21?Redirect=Log&logNo=40200013554,,,,,,F
https://blog.naver.com/webper21?Redirect=Log&logNo=40195130323,,,,,,F
https://blog.naver.com/webper21?Redirect=Log&logNo=40190351563,,,,,,F
https://blog.naver.com/webper21?Redirect=Log&logNo=40188746086,,,,,,F
https://blog.naver.com/qquiop?Redirect=Log&logNo=221382733345,,,,,,T
https://blog.naver.com/webper21?Redirect=Log&logNo=40203454633,,,,,,F
https://blog.naver.com/likisuktin?Redirect=Log&logNo=70098481405,,,,,,T
https://blog.naver.com/newosilent?Redirect=Log&logNo=220309739724,,,,,,T
https://blog.naver.com/webper21?Redirect=Log&logNo=40195386381,,,,,,F
https://blog.naver.com/webper21?Redirect=Log&logNo=40201900105,,,,,,F
https://blog.naver.com/webper21?Redirect=Log&logNo=40200406315,,,,,,F
https://blog.naver.com/brightharu?Redirect=Log&logNo=220177165920,,,,,,T
https://blog.naver.com/jnk0815?Redirect=Log&logNo=222437385074,,,,,,T
https://blog.naver.com/hyunzin_k?Redirect=Log&logNo=221577393006,,,,,,T
https://blog.naver.com/iloveyou915?Redirect=Log&logNo=221855446650,,,,,,T
https://blog.naver.com/nongsarang2?Redirect=Log&logNo=222314554375,,,,,,T
https://blog.naver.com/xzxz154?Redirect=Log&logNo=221464750997,,,,,,T
https://blog.naver.com/ala2330?Redirect=Log&logNo=222342185691,,,,,,T
https://blog.daum.net/sannasdas/13389601,,,,,,T
https://blog.naver.com/webper21?Redirect=Log&logNo=40195125863,,,,,,F
https://blog.naver.com/jdm14m4?Redirect=Log&logNo=222150856867,,,,,,T
https://blog.naver.com/webper21?Redirect=Log&logNo=40194832991,,,,,,F
https://blog.naver.com/chodaejin?Redirect=Log&logNo=221503498777,,,,,,T
https://blog.naver.com/pkwangsu?Redirect=Log&logNo=220506888054,,,,,,T
https://blog.naver.com/teammac?Redirect=Log&logNo=222038232100,,,,,,T
https://blog.naver.com/bluebko?Redirect=Log&logNo=40171943593,,,,,,T
https://blog.naver.com/ranny85?Redirect=Log&logNo=221281174406,,,,,,T
https://blog.naver.com/cheerup121?Redirect=Log&logNo=222566851400,,,,,,T
https://blog.naver.com/spa7981?Redirect=Log&logNo=100203038676,,,,,,T
https://blog.naver.com/bakminkyu?Redirect=Log&logNo=220802241022,,,,,,T
https://blog.naver.com/narawh?Redirect=Log&logNo=130074371391,,,,,,T
https://blog.naver.com/bangel94?Redirect=Log&logNo=221575734661,,,,,,T
https://blog.naver.com/namdokorea?Redirect=Log&logNo=221708491813,,,,,,F
https://blog.naver.com/ddawndew?Redirect=Log&logNo=50127698518,,,,,,T
https://blog.naver.com/najuho240?Redirect=Log&logNo=220680818056,,,,,,T
https://blog.naver.com/webper21?Redirect=Log&logNo=40203137731,,,,,,F
https://blog.naver.com/ecopassport?Redirect=Log&logNo=221141138149,,,,,,T
https://blog.naver.com/jo9432?Redirect=Log&logNo=221574739126,,,,,,T
https://blog.naver.com/webper21?Redirect=Log&logNo=40195437490,,,,,,F
https://blog.naver.com/sakaman?Redirect=Log&logNo=222553649906,,,,,,T
https://blog.naver.com/cakemart?Redirect=Log&logNo=222444897304,,,,,,T
https://blog.naver.com/moonga0223?Redirect=Log&logNo=221370190055,,,,,,T
https://blog.naver.com/jisu0401?Redirect=Log&logNo=222559529620,,,,,,T
https://blog.naver.com/jisu0401?Redirect=Log&logNo=222559082760,,,,,,T
https://blog.naver.com/turpu?Redirect=Log&logNo=221275148036,,,,,,T
https://blog.naver.com/webper21?Redirect=Log&logNo=40203135089,,,,,,F
https://blog.naver.com/spaid48?Redirect=Log&logNo=221369273255,,,,,,F
https://blog.naver.com/3651hit?Redirect=Log&logNo=222537861650,,,,,,F
https://blog.naver.com/dctc62443?Redirect=Log&logNo=222009693088,,,,,,F
https://blog.naver.com/mrhansung?Redirect=Log&logNo=221931601541,,,,,,T
https://blog.naver.com/nanumtravel?Redirect=Log&logNo=50073597371,,,,,,T
https://blog.naver.com/ttang2kong?Redirect=Log&logNo=222583849121,,,,,,T
https://blog.naver.com/doctorta?Redirect=Log&logNo=222344984127,,,,,,T
https://blog.naver.com/roomno1?Redirect=Log&logNo=160550211,,,,,,T
https://blog.naver.com/hangyeol3708?Redirect=Log&logNo=221724697348,,,,,,T
https://blog.naver.com/namdokorea?Redirect=Log&logNo=220513088024,,,,,,F
https://blog.naver.com/9594jh?Redirect=Log&logNo=221373826789,,,,,,T
https://blog.naver.com/99hyunuk?Redirect=Log&logNo=221338973300,,,,,,T
https://blog.naver.com/mopaspr?Redirect=Log&logNo=220762761435,,,,,,F
https://blog.naver.com/hmhnaname?Redirect=Log&logNo=220181011730,,,,,,T
https://blog.naver.com/risjinr?Redirect=Log&logNo=163680617,,,,,,T
https://blog.naver.com/2154386?Redirect=Log&logNo=222522900477,,,,,,T
https://blog.naver.com/osjko?Redirect=Log&logNo=220791031935,,,,,,T
https://blog.daum.net/y2k2041/15812314,,,,,,T
https://blog.naver.com/khl1845?Redirect=Log&logNo=222280482809,,,,,,T
https://blog.naver.com/whosone?Redirect=Log&logNo=222130119940,,,,,,T
https://blog.naver.com/nailstan?Redirect=Log&logNo=150168161751,,,,,,T
https://blog.daum.net/shc77/1441,,,,,,F
https://blog.naver.com/namdokorea?Redirect=Log&logNo=221570320108,,,,,,F
https://blog.naver.com/jhjkpower?Redirect=Log&logNo=221910262397,,,,,,F
https://blog.naver.com/cookingsmile?Redirect=Log&logNo=221852885348,,,,,,T
https://blog.naver.com/greenjeonnam?Redirect=Log&logNo=221562040137,,,,,,F
https://blog.naver.com/2kkkang?Redirect=Log&logNo=222529538661,,,,,,T
https://blog.naver.com/koreatrails?Redirect=Log&logNo=221075010609,,,,,,T
https://blog.naver.com/bowoon0421?Redirect=Log&logNo=222250090425,,,,,,F
https://blog.naver.com/paransnow?Redirect=Log&logNo=221041906563,,,,,,F
https://blog.naver.com/webper21?Redirect=Log&logNo=220311797214,,,,,,F
https://blog.naver.com/hhsun?Redirect=Log&logNo=222572642977,,,,,,T
https://blog.naver.com/designer0808?Redirect=Log&logNo=221301711335,,,,,,T
https://blog.naver.com/nagmleo?Redirect=Log&logNo=221449728274,,,,,,T
https://blog.naver.com/namdokorea?Redirect=Log&logNo=221408006837,,,,,,T
https://blog.naver.com/webper21?Redirect=Log&logNo=40190341907,,,,,,F
https://blog.daum.net/shc77/1598,,,,,,T
https://blog.naver.com/webper21?Redirect=Log&logNo=40188740334,,,,,,F
https://blog.naver.com/pika3145?Redirect=Log&logNo=220012804118,,,,,,T
https://blog.naver.com/michaelhoi?Redirect=Log&logNo=220428435714,,,,,,T
https://blog.naver.com/kji206?Redirect=Log&logNo=163304300,,,,,,F
https://blog.daum.net/shc77/1735,,,,,,F
https://blog.naver.com/jongsulim?Redirect=Log&logNo=110154873601,,,,,,F
https://blog.naver.com/kotour21?Redirect=Log&logNo=221393638046,,,,,,T
https://blog.naver.com/ksn1665?Redirect=Log&logNo=220523518008,,,,,,T
https://blog.naver.com/webper21?Redirect=Log&logNo=40196885735,,,,,,F
https://blog.naver.com/0722hhk?Redirect=Log&logNo=222047712176,,,,,,T
https://blog.naver.com/webper21?Redirect=Log&logNo=40207707905,,,,,,F
https://blog.daum.net/vkm2000/15932190,,,,,,T
https://blog.naver.com/back2462?Redirect=Log&logNo=221676022469,,,,,,T
https://blog.naver.com/travis7?Redirect=Log&logNo=60185766002,,,,,,F
https://blog.naver.com/sunyoua?Redirect=Log&logNo=50053435690,,,,,,T
https://blog.naver.com/2kkkang?Redirect=Log&logNo=222527470833,,,,,,T
https://blog.naver.com/ussu84?Redirect=Log&logNo=221570659402,,,,,,T
https://blog.naver.com/hey_mystyle?Redirect=Log&logNo=221132203985,,,,,,T
https://blog.naver.com/kji206?Redirect=Log&logNo=186805758,,,,,,T
https://blog.naver.com/rlathdbs1?Redirect=Log&logNo=221612510034,,,,,,T
https://blog.daum.net/shc77/1435,,,,,,F
https://blog.naver.com/khl1845?Redirect=Log&logNo=222255082012,,,,,,T
https://blog.daum.net/leeke2000/16509804,,,,,,T
https://blog.naver.com/webper21?Redirect=Log&logNo=40198075144,,,,,,F
https://blog.naver.com/deukhui?Redirect=Log&logNo=222538737300,,,,,,T
https://blog.naver.com/srtraveler?Redirect=Log&logNo=221290731882,,,,,,F
https://blog.naver.com/webper21?Redirect=Log&logNo=40191758233,,,,,,F
https://blog.naver.com/yeoyou6?Redirect=Log&logNo=221173195984,,,,,,T
https://blog.naver.com/sjg831007?Redirect=Log&logNo=221521091376,,,,,,T
https://blog.naver.com/junjuly4?Redirect=Log&logNo=222252983544,,,,,,T
https://blog.naver.com/korea_diary?Redirect=Log&logNo=220845880555,,,,,,F
https://blog.naver.com/shbae3521?Redirect=Log&logNo=221164980092,,,,,,T
https://blog.naver.com/webper21?Redirect=Log&logNo=40195797453,,,,,,F
https://blog.naver.com/anjajrrhtksl?Redirect=Log&logNo=220186438294,,,,,,F
https://blog.naver.com/soh109?Redirect=Log&logNo=80162676418,,,,,,T
https://blog.naver.com/bboram02?Redirect=Log&logNo=221823819258,,,,,,T
https://blog.naver.com/lakeparkinnocity?Redirect=Log&logNo=221370210990,,,,,,T
https://blog.naver.com/achanhee?Redirect=Log&logNo=221571978571,,,,,,T
https://blog.naver.com/subuni97?Redirect=Log&logNo=221473301495,,,,,,T
https://blog.naver.com/dhdh5252?Redirect=Log&logNo=130116604567,,,,,,F
https://blog.daum.net/shc77/1737,,,,,,T
https://blog.naver.com/nailstan?Redirect=Log&logNo=150167705463,,,,,,T
https://blog.naver.com/webper21?Redirect=Log&logNo=40203326070,,,,,,F
https://blog.naver.com/dhdmsdnr?Redirect=Log&logNo=221099524737,,,,,,F
https://blog.naver.com/webper21?Redirect=Log&logNo=40197046398,,,,,,F
https://blog.naver.com/hingukim?Redirect=Log&logNo=222552365688,,,,,,T
https://blog.daum.net/huhasim/1724,,,,,,T
https://blog.naver.com/inaaaaaaaaa?Redirect=Log&logNo=222076038575,,,,,,T
https://blog.naver.com/p0107337?Redirect=Log&logNo=220166203886,,,,,,F
https://blog.naver.com/happynb1004?Redirect=Log&logNo=221736065850,,,,,,T
https://blog.naver.com/wjd949494?Redirect=Log&logNo=70149641314,,,,,,T
https://blog.naver.com/95_10_7?Redirect=Log&logNo=222015939048,,,,,,T
https://blog.naver.com/lakeparkinnocity?Redirect=Log&logNo=221523959409,,,,,,T
https://blog.naver.com/hloveh01?Redirect=Log&logNo=70135909984,,,,,,T
https://blog.naver.com/rlathdbs1?Redirect=Log&logNo=221691559540,,,,,,T
https://blog.naver.com/dailytalk_hy?Redirect=Log&logNo=222480284504,,,,,,T
https://blog.naver.com/yeobi_pr?Redirect=Log&logNo=222428458681,,,,,,T
https://blog.naver.com/170211-?Redirect=Log&logNo=222419513282,,,,,,T
https://blog.daum.net/b8548741/3556,,,,,,T
https://blog.naver.com/djmanul?Redirect=Log&logNo=221191281223,,,,,,T
https://blog.naver.com/2012iae?Redirect=Log&logNo=220708467695,,,,,,T
https://blog.naver.com/shbae3521?Redirect=Log&logNo=220055506858,,,,,,T
https://blog.naver.com/webper21?Redirect=Log&logNo=40188751891,,,,,,F
https://blog.naver.com/soh109?Redirect=Log&logNo=80162097423,,,,,,F
https://blog.naver.com/cwjun777?Redirect=Log&logNo=221677122763,,,,,,F
https://blog.naver.com/webper21?Redirect=Log&logNo=40187808898,,,,,,F
https://blog.naver.com/soh109?Redirect=Log&logNo=80162048451,,,,,,T
https://blog.naver.com/dndud4738?Redirect=Log&logNo=222099436852,,,,,,T
https://blog.naver.com/webper21?Redirect=Log&logNo=40192628935,,,,,,F
https://blog.naver.com/luckyking8?Redirect=Log&logNo=222312715779,,,,,,T
https://blog.daum.net/ryongpt/928,,,,,,F
https://blog.naver.com/zeropop0?Redirect=Log&logNo=221958295036,,,,,,F
https://blog.naver.com/icoffeeman?Redirect=Log&logNo=70121588305,,,,,,T
https://blog.naver.com/rehab0827?Redirect=Log&logNo=222492010373,,,,,,T
https://blog.naver.com/youmcholong?Redirect=Log&logNo=222549193820,,,,,,T
https://blog.naver.com/sakaman?Redirect=Log&logNo=220166919339,,,,,,F
https://blog.naver.com/ksddu?Redirect=Log&logNo=221683255258,,,,,,T
https://blog.naver.com/jcjkks?Redirect=Log&logNo=70092402155,,,,,,T
https://blog.naver.com/cwjun777?Redirect=Log&logNo=221681423079,,,,,,T
https://blog.naver.com/j2_pearl?Redirect=Log&logNo=110186062322,,,,,,F
https://blog.naver.com/kimjonghuc?Redirect=Log&logNo=222469683758,,,,,,F
https://blog.naver.com/plm3334?Redirect=Log&logNo=222144390000,,,,,,T
https://blog.naver.com/sakaman?Redirect=Log&logNo=220129864487,,,,,,F
https://blog.naver.com/sylove7100?Redirect=Log&logNo=222313754301,,,,,,T
https://blog.daum.net/b8548741/3532,,,,,,T
https://blog.naver.com/lily2you?Redirect=Log&logNo=221102194864,,,,,,T
https://blog.naver.com/pal66?Redirect=Log&logNo=222021042569,,,,,,T
https://blog.naver.com/dailytalk_hy?Redirect=Log&logNo=220491353969,,,,,,T
https://blog.naver.com/uniform88?Redirect=Log&logNo=221460829421,,,,,,T
https://blog.naver.com/ecream?Redirect=Log&logNo=221667417855,,,,,,T
https://blog.naver.com/webper21?Redirect=Log&logNo=40189597206,,,,,,F
https://blog.naver.com/crop0302?Redirect=Log&logNo=222548084170,,,,,,T
https://blog.naver.com/jnpsc01?Redirect=Log&logNo=222107992430,,,,,,T
https://blog.naver.com/purejoy?Redirect=Log&logNo=222363969780,,,,,,T
https://blog.naver.com/dndud4738?Redirect=Log&logNo=222153727093,,,,,,T
https://blog.daum.net/hi91025kr/1037,,,,,,T
https://blog.naver.com/ipkn4u?Redirect=Log&logNo=221996606090,,,,,,T
https://blog.naver.com/zoeday?Redirect=Log&logNo=221599044049,,,,,,T
https://blog.naver.com/all912?Redirect=Log&logNo=222105796742,,,,,,T
https://koreabackpacking.com/909,,,,,,T
https://blog.naver.com/kfox01?Redirect=Log&logNo=221571026934,,,,,,T
https://blog.naver.com/babytera?Redirect=Log&logNo=222102407159,,,,,,T
https://blog.naver.com/0626_b?Redirect=Log&logNo=221460174414,,,,,,T
https://blog.naver.com/yjk5413?Redirect=Log&logNo=222021506941,,,,,,T
https://blog.naver.com/sodan4?Redirect=Log&logNo=222352128539,,,,,,F
https://blog.naver.com/jo_o8857?Redirect=Log&logNo=221670130818,,,,,,T
https://blog.naver.com/xmfptm123?Redirect=Log&logNo=220427826462,,,,,,T
https://blog.naver.com/salight?Redirect=Log&logNo=221678502822,,,,,,F
https://blog.naver.com/sakaman?Redirect=Log&logNo=222226671575,,,,,,F
https://blog.naver.com/hongsan56?Redirect=Log&logNo=220020370218,,,,,,T
https://blog.naver.com/jcjkks?Redirect=Log&logNo=220377788623,,,,,,F
https://blog.naver.com/gawa38?Redirect=Log&logNo=221745747835,,,,,,T
https://blog.naver.com/hi2385?Redirect=Log&logNo=222213051251,,,,,,T
https://blog.naver.com/greenjeonnam?Redirect=Log&logNo=221540086019,,,,,,T
https://blog.naver.com/kjchol123?Redirect=Log&logNo=222124204603,,,,,,T
https://blog.naver.com/happy_dream_365?Redirect=Log&logNo=221560453190,,,,,,T
https://goodtrip.tistory.com/190,,,,,,T
https://blog.naver.com/dmsxoppc?Redirect=Log&logNo=221740409654,,,,,,F
https://blog.daum.net/b8548741/3533,,,,,,T
https://blog.naver.com/iu8914?Redirect=Log&logNo=221910152542,,,,,,T
https://blog.naver.com/namdokorea?Redirect=Log&logNo=220785768100,,,,,,F
https://blog.naver.com/nailstan?Redirect=Log&logNo=222536042160,,,,,,T
https://blog.naver.com/kimws0506?Redirect=Log&logNo=222568022383,,,,,,T
https://blog.naver.com/f_bits05?Redirect=Log&logNo=222445689150,,,,,,F 
https://blog.naver.com/ashim1?Redirect=Log&logNo=222344491866,,,,,,T
https://blog.daum.net/shc77/1600,,,,,,T
https://blog.naver.com/gokseong_love?Redirect=Log&logNo=222327505749,,,,,,T
https://blog.naver.com/namdokorea?Redirect=Log&logNo=221542936265,,,,,,T
https://blog.naver.com/gebera12?Redirect=Log&logNo=221682504539,,,,,,T
https://blog.naver.com/kuragio?Redirect=Log&logNo=10179774836,,,,,,T
https://blog.naver.com/takee80?Redirect=Log&logNo=220669016814,,,,,,T
https://blog.naver.com/ugong2san7?Redirect=Log&logNo=222511453141,,,,,,T
https://blog.naver.com/l1726?Redirect=Log&logNo=221516687630,,,,,,T
https://blog.naver.com/rhyme1212?Redirect=Log&logNo=220500418368,,,,,,T
https://blog.daum.net/dsdud/1636,,,,,,T
https://blog.naver.com/hseonil?Redirect=Log&logNo=130176506196,,,,,,T
https://blog.naver.com/angelswim2?Redirect=Log&logNo=220350825893,,,,,,T
https://blog.naver.com/soh109?Redirect=Log&logNo=80170531928,,,,,,T
https://blog.naver.com/sakaman?Redirect=Log&logNo=221166418300,,,,,,F
https://blog.naver.com/oliviolivia?Redirect=Log&logNo=221422724205,,,,,,T
https://blog.naver.com/namdokorea?Redirect=Log&logNo=220710733278,,,,,,T
https://blog.naver.com/huhasim?Redirect=Log&logNo=222531873095,,,,,,T
https://blog.naver.com/mogirang?Redirect=Log&logNo=110141692800,,,,,,T
https://blog.naver.com/ehee50271?Redirect=Log&logNo=221773027395,,,,,,T
https://blog.naver.com/akekdthkl200?Redirect=Log&logNo=80210145782,,,,,,T
https://blog.naver.com/indica?Redirect=Log&logNo=220744540138,,,,,,T
https://blog.naver.com/sinja9117?Redirect=Log&logNo=222026783649,,,,,,T
https://blog.naver.com/zlxl1014?Redirect=Log&logNo=221389255228,,,,,,T
https://blog.naver.com/turpu?Redirect=Log&logNo=221326105019,,,,,,T
https://blog.naver.com/gykim67?Redirect=Log&logNo=221034296054,,,,,,T
https://blog.naver.com/8954823?Redirect=Log&logNo=221122672868,,,,,,T
https://blog.naver.com/jitaizzang?Redirect=Log&logNo=221649869360,,,,,,T
https://blog.daum.net/shc77/1594,,,,,,T
https://blog.naver.com/ashim1?Redirect=Log&logNo=222302981115,,,,,,F
https://blog.naver.com/8954823?Redirect=Log&logNo=221138248473,,,,,,T
https://too612.tistory.com/462,,,,,,T
https://blog.naver.com/qquiop?Redirect=Log&logNo=221380643614,,,,,,T
https://blog.naver.com/dunklekaiser?Redirect=Log&logNo=220920404530,,,,,,T
https://blog.naver.com/xzxz154?Redirect=Log&logNo=221878529526,,,,,,T
https://blog.naver.com/26rouz?Redirect=Log&logNo=221961434274,,,,,,T
https://blog.naver.com/elion68?Redirect=Log&logNo=222033285663,,,,,,T
https://blog.naver.com/foxmapia?Redirect=Log&logNo=120201087624,,,,,,F
https://blog.naver.com/webtint?Redirect=Log&logNo=221319905731,,,,,,T
https://blog.naver.com/bowoon0421?Redirect=Log&logNo=222545751148,,,,,,F
https://blog.naver.com/sakaman?Redirect=Log&logNo=220873173452,,,,,,F
https://blog.naver.com/skadkr11?Redirect=Log&logNo=221122131845,,,,,,F
https://blog.naver.com/chldmswls327?Redirect=Log&logNo=221811191864,,,,,,T
https://blog.naver.com/foxmapia?Redirect=Log&logNo=120203777437,,,,,,T
https://blog.naver.com/psm106305?Redirect=Log&logNo=221669903416,,,,,,T
https://blog.naver.com/jvj24601?Redirect=Log&logNo=221923915435,,,,,,T
https://blog.naver.com/gf6285?Redirect=Log&logNo=222059544747,,,,,,T
https://blog.naver.com/1cptkfldk?Redirect=Log&logNo=222065628113,,,,,,T
https://blog.daum.net/ayam3390/8880987,,,,,,T
https://blog.naver.com/topec2113?Redirect=Log&logNo=221670144435,,,,,,T
https://blog.naver.com/kimsuin2124?Redirect=Log&logNo=222054649731,,,,,,T
https://blog.naver.com/102yoon?Redirect=Log&logNo=221362797917,,,,,,T
https://blog.naver.com/meye5474?Redirect=Log&logNo=222180050982,,,,,,T
https://blog.naver.com/khl1845?Redirect=Log&logNo=222338385739,,,,,,T
https://blog.naver.com/hj77cho?Redirect=Log&logNo=60178325969,,,,,,F
https://blog.naver.com/hseonil?Redirect=Log&logNo=130176512650,,,,,,F
https://blog.naver.com/lovelysuns?Redirect=Log&logNo=221221932106,,,,,,F
https://blog.naver.com/sgh7745?Redirect=Log&logNo=221286184572,,,,,,F
https://blog.naver.com/bang9163?Redirect=Log&logNo=221656488893,,,,,,F
https://blog.naver.com/sjmin52?Redirect=Log&logNo=80162227685,,,,,,F
https://blog.naver.com/shimsumin?Redirect=Log&logNo=220318028913,,,,,,T
https://blog.naver.com/littlekkang8?Redirect=Log&logNo=220507515630,,,,,,T
https://blog.naver.com/cerakang?Redirect=Log&logNo=221393400747,,,,,,T
https://blog.naver.com/aion26?Redirect=Log&logNo=221637397768,,,,,,T
https://blog.naver.com/foxbond?Redirect=Log&logNo=221042027599,,,,,,T
https://blog.naver.com/dowakim?Redirect=Log&logNo=220877556833,,,,,,T
https://blog.naver.com/cong2yak?Redirect=Log&logNo=221519486440,,,,,,T
https://blog.naver.com/atarory?Redirect=Log&logNo=222119567108,,,,,,T
https://blog.naver.com/junjuly4?Redirect=Log&logNo=220506578115,,,,,,T
https://blog.naver.com/kdw0313?Redirect=Log&logNo=222148057461,,,,,,F
https://blog.naver.com/dctc62443?Redirect=Log&logNo=222095338076,,,,,,F
https://blog.daum.net/shc77/1470,,,,,,F
https://blog.naver.com/webper21?Redirect=Log&logNo=40202153992,,,,,,F
https://blog.naver.com/19minbang?Redirect=Log&logNo=220939028436,,,,,,T
https://blog.daum.net/ayam3390/8880923,,,,,,F
https://blog.daum.net/yong8674/17045686,,,,,,F
https://blog.naver.com/nagmleo?Redirect=Log&logNo=221421275038,,,,,,T
https://blog.naver.com/soshin84?Redirect=Log&logNo=220885669528,,,,,,T
https://blog.naver.com/kgl0707?Redirect=Log&logNo=222144627016,,,,,,T
https://blog.daum.net/tourcodi/8128734,,,,,,T
https://blog.naver.com/eunahanq?Redirect=Log&logNo=220380562322,,,,,,T
https://blog.hyosung.com/3584?category=619562,,,,,,T
https://blog.naver.com/greenjeonnam?Redirect=Log&logNo=222223649890,,,,,,F
https://blog.naver.com/shbae3521?Redirect=Log&logNo=221739776908,,,,,,T
https://blog.naver.com/dhkdwkek1?Redirect=Log&logNo=221721127671,,,,,,T
https://blog.naver.com/webper21?Redirect=Log&logNo=40191706189,,,,,,F
https://blog.naver.com/cafeinfofam?Redirect=Log&logNo=220268511535,,,,,,F
https://bass007.tistory.com/6368,,,,,,T
https://blog.naver.com/salon1930?Redirect=Log&logNo=221309858963,,,,,,T
https://blog.naver.com/webper21?Redirect=Log&logNo=40188634885,,,,,,F
https://blog.naver.com/sypretty320?Redirect=Log&logNo=221529773363,,,,,,T
https://blog.naver.com/heerakjeong?Redirect=Log&logNo=221681341962,,,,,,T
https://koreabackpacking.com/909?category=762944,,,,,,F
https://blog.naver.com/wjdtndnr?Redirect=Log&logNo=222555340119,,,,,,T
https://blog.naver.com/junjuly4?Redirect=Log&logNo=220738834572,,,,,,T
https://blog.naver.com/webper21?Redirect=Log&logNo=40205555360,,,,,,F
https://blog.naver.com/ashim1?Redirect=Log&logNo=220786859986,,,,,,F
https://blog.naver.com/webper21?Redirect=Log&logNo=40191055180,,,,,,F
https://blog.naver.com/tmdwns880908?Redirect=Log&logNo=222309138191,,,,,,T
https://blog.naver.com/00sweetlove?Redirect=Log&logNo=221793319517,,,,,,T
https://blog.naver.com/pisue22?Redirect=Log&logNo=221467902485,,,,,,T
https://blog.naver.com/snslive?Redirect=Log&logNo=221566961289,,,,,,T
https://blog.naver.com/webper21?Redirect=Log&logNo=40198470743,,,,,,F
https://blog.naver.com/bakminkyu?Redirect=Log&logNo=221241893219,,,,,,T
https://blog.naver.com/the_trip?Redirect=Log&logNo=221099274741,,,,,,T
https://blog.naver.com/jangsaul?Redirect=Log&logNo=221518320784,,,,,,T
https://blog.naver.com/cyber_gongju?Redirect=Log&logNo=222044945065,,,,,,F
https://blog.naver.com/taegyu11?Redirect=Log&logNo=222533871356,,,,,,T
https://blog.naver.com/ekoh72?Redirect=Log&logNo=221724709988,,,,,,T
https://blog.naver.com/jhn6676?Redirect=Log&logNo=222211482121,,,,,,T
https://blog.naver.com/6338hj?Redirect=Log&logNo=220201936614,,,,,,T
https://blog.naver.com/sakaman?Redirect=Log&logNo=221520649051,,,,,,F
https://blog.naver.com/jcjkks?Redirect=Log&logNo=70147297140,,,,,,T
https://blog.naver.com/sakaman?Redirect=Log&logNo=221649944874,,,,,,F
https://blog.naver.com/minhee0676?Redirect=Log&logNo=221666227824,,,,,,T
https://blog.daum.net/shc77/1602,,,,,,T
https://blog.naver.com/kyjs2kyjs2?Redirect=Log&logNo=221133278968,,,,,,T
https://blog.daum.net/scyonic/15865691,,,,,,T
https://blog.naver.com/burong_e?Redirect=Log&logNo=221348620484,,,,,,T
https://blog.naver.com/daddybike?Redirect=Log&logNo=221588728505,,,,,,T
https://blog.daum.net/tourcodi/8129181,,,,,,T
https://blog.naver.com/hs486mh?Redirect=Log&logNo=222028609154,,,,,,T
https://blog.naver.com/c0dus75?Redirect=Log&logNo=220792054967,,,,,,T
https://blog.naver.com/08jiae?Redirect=Log&logNo=221428110180,,,,,,T
https://blog.daum.net/leeke2000/16509526,,,,,,T
https://blog.naver.com/sj5498?Redirect=Log&logNo=222285981074,,,,,,T
https://blog.naver.com/jsyncnc?Redirect=Log&logNo=222189251821,,,,,,T
https://blog.naver.com/webper21?Redirect=Log&logNo=40187803414,,,,,,F
https://blog.naver.com/webper21?Redirect=Log&logNo=40197104533,,,,,,F
https://blog.naver.com/jongsulim?Redirect=Log&logNo=222283984709,,,,,,T
https://blog.daum.net/yong8674/17048228,,,,,,F
https://blog.naver.com/jeeeun0128?Redirect=Log&logNo=222568623993,,,,,,T
https://blog.naver.com/jakpoom1215?Redirect=Log&logNo=222468289567,,,,,,T
https://blog.naver.com/pjp6824?Redirect=Log&logNo=222570587515,,,,,,T
https://blog.naver.com/sjn1203?Redirect=Log&logNo=222105269740,,,,,,T
https://blog.naver.com/dltmfrl504?Redirect=Log&logNo=222531443523,,,,,,T
https://blog.naver.com/sakaman?Redirect=Log&logNo=222585374658,,,,,,F
https://blog.naver.com/sharkyun?Redirect=Log&logNo=222578843611,,,,,,T
https://blog.naver.com/megafield?Redirect=Log&logNo=222471093032,,,,,,T
https://blog.naver.com/kja254?Redirect=Log&logNo=222521294448,,,,,,T
https://blog.naver.com/noom0630?Redirect=Log&logNo=222527868761,,,,,,T
https://blog.naver.com/kayak71?Redirect=Log&logNo=222467163912,,,,,,T
https://blog.naver.com/sjn1203?Redirect=Log&logNo=222105894383,,,,,,T
https://blog.naver.com/nanpei0109?Redirect=Log&logNo=222236385896,,,,,,T
https://blog.naver.com/news0330?Redirect=Log&logNo=222546142351,,,,,,T
https://blog.naver.com/sakaman?Redirect=Log&logNo=222336656621,,,,,,F
https://blog.naver.com/eriogena?Redirect=Log&logNo=221701444996,,,,,,F
https://blog.naver.com/seraphina0502?Redirect=Log&logNo=222571099121,,,,,,T
https://blog.naver.com/snstek?Redirect=Log&logNo=222576818062,,,,,,T
https://blog.naver.com/ysk010720?Redirect=Log&logNo=222542170960,,,,,,T
https://blog.naver.com/davidhan-2020?Redirect=Log&logNo=222568539780,,,,,,T
https://blog.naver.com/hloveh01?Redirect=Log&logNo=222585442784,,,,,,T
https://blog.naver.com/hwaneeprince?Redirect=Log&logNo=221746852266,,,,,,F
https://blog.naver.com/maehokada?Redirect=Log&logNo=222578760533,,,,,,T
https://blog.naver.com/hotterman1?Redirect=Log&logNo=222559907759,,,,,,T
https://blog.naver.com/muz100?Redirect=Log&logNo=221750104039,,,,,,T
https://blog.naver.com/welchon4u?Redirect=Log&logNo=222585605378,,,,,,T
https://blog.naver.com/romance_86?Redirect=Log&logNo=222043483592,,,,,,T
https://blog.naver.com/eriogena?Redirect=Log&logNo=221727503204,,,,,,F
https://blog.naver.com/jakpoom1215?Redirect=Log&logNo=222512522225,,,,,,T
https://blog.naver.com/pinkponytail?Redirect=Log&logNo=222317314460,,,,,,T
https://blog.naver.com/cognos57?Redirect=Log&logNo=221096601609,,,,,,T
https://blog.daum.net/cognos57/15976821,,,,,,T
https://blog.daum.net/tourcodi/8129613,,,,,,T
https://blog.naver.com/bada3347?Redirect=Log&logNo=222344082127,,,,,,T
https://blog.naver.com/33idoll?Redirect=Log&logNo=40130928739,,,,,,T
https://blog.naver.com/todaudrhkwkd?Redirect=Log&logNo=221543617440,,,,,,T
https://blog.naver.com/jung57s?Redirect=Log&logNo=30130865488,,,,,,T
https://blog.naver.com/artlife?Redirect=Log&logNo=50173656695,,,,,,F
https://blog.naver.com/kimcoco1?Redirect=Log&logNo=221104483989,,,,,,F
https://blog.daum.net/yong8674/17047430,,,,,,F
https://blog.naver.com/artzone00?Redirect=Log&logNo=140092004098,,,,,,T
https://blog.naver.com/cognos57?Redirect=Log&logNo=221096335649,,,,,,T
https://blog.daum.net/cognos57/15976820,,,,,,T
https://blog.naver.com/eriogena?Redirect=Log&logNo=222437254707,,,,,,T
https://blog.naver.com/tmddlf?Redirect=Log&logNo=222511195885,,,,,,T
https://blog.naver.com/hloveh01?Redirect=Log&logNo=222554646072,,,,,,T
https://blog.naver.com/jsarang85?Redirect=Log&logNo=222414384738,,,,,,T
https://blog.naver.com/33idoll?Redirect=Log&logNo=40131120488,,,,,,F
https://blog.daum.net/tourcodi/8129768,,,,,,F
https://blog.naver.com/hnmh2332?Redirect=Log&logNo=222511698339,,,,,,T
https://blog.naver.com/tjdrjsdlekd1234?Redirect=Log&logNo=221510602784,,,,,,T
https://blog.naver.com/s0899?Redirect=Log&logNo=220044585804,,,,,,T
https://blog.naver.com/singunji?Redirect=Log&logNo=220448619700,,,,,,T
https://blog.naver.com/quree5279?Redirect=Log&logNo=220863809696,,,,,,T
https://blog.naver.com/daniel6263?Redirect=Log&logNo=220074678374,,,,,,T
https://blog.naver.com/thswlsrnr928?Redirect=Log&logNo=220281308784,,,,,,F
https://blog.naver.com/triplea12?Redirect=Log&logNo=220328905945,,,,,,T
https://blog.naver.com/mizzrose?Redirect=Log&logNo=220118658633,,,,,,T
https://blog.naver.com/pirijuck?Redirect=Log&logNo=221577064983,,,,,,T
https://blog.naver.com/o0owldus?Redirect=Log&logNo=221154875420,,,,,,T
https://blog.naver.com/jazzer80?Redirect=Log&logNo=140104496304,,,,,,F
https://blog.daum.net/b8548741/3556,,,,,,T
https://blog.naver.com/cuteeun10?Redirect=Log&logNo=220520927009,,,,,,T
https://blog.naver.com/keun5604?Redirect=Log&logNo=221035002821,,,,,,T
https://blog.naver.com/eriogena?Redirect=Log&logNo=221645308011,,,,,,T
https://blog.daum.net/tourcodi/8129213,,,,,,F
https://blog.daum.net/yong8674/17047516,,,,,,F
https://blog.naver.com/qnix0?Redirect=Log&logNo=221699410171,,,,,,F
https://blog.naver.com/faller24?Redirect=Log&logNo=221580442493,,,,,,F
https://blog.naver.com/kangsoo0?Redirect=Log&logNo=220024069555,,,,,,T
https://blog.naver.com/kangsoo0?Redirect=Log&logNo=220024100189,,,,,,T
https://blog.naver.com/kfox01?Redirect=Log&logNo=221571026934,,,,,,T
https://blog.naver.com/jsk2318?Redirect=Log&logNo=220140857883,,,,,,T
https://blog.naver.com/v63500?Redirect=Log&logNo=220968719712,,,,,,T
https://blog.naver.com/itkwon?Redirect=Log&logNo=222394312923,,,,,,T
https://blog.naver.com/skdywjd22?Redirect=Log&logNo=222501941493,,,,,,T
https://blog.naver.com/hwaneeprince?Redirect=Log&logNo=221741621399,,,,,,F
https://blog.naver.com/busanchongkak?Redirect=Log&logNo=220437141317,,,,,,T
https://blog.naver.com/jiny1445?Redirect=Log&logNo=222406867326,,,,,,T
https://blog.naver.com/stamppop?Redirect=Log&logNo=222272068055,,,,,,T
https://blog.naver.com/ss2house?Redirect=Log&logNo=220036598173,,,,,,T
https://blog.daum.net/b8548741/3425,,,,,,T
https://blog.naver.com/edr2134?Redirect=Log&logNo=220255393356,,,,,,T
https://blog.naver.com/hyouncho?Redirect=Log&logNo=222306112682,,,,,,F
https://blog.naver.com/jvj24601?Redirect=Log&logNo=221342794065,,,,,,T
https://blog.naver.com/keai1016?Redirect=Log&logNo=222524186218,,,,,,T
https://blog.naver.com/missyu11?Redirect=Log&logNo=222244911183,,,,,,T
https://blog.naver.com/steh1073?Redirect=Log&logNo=221302351221,,,,,,T
https://blog.naver.com/jaegonhj?Redirect=Log&logNo=222469727967,,,,,,T
https://blog.naver.com/dbwjddk79?Redirect=Log&logNo=120103096309,,,,,,T
https://blog.naver.com/nanpei0109?Redirect=Log&logNo=222232602823,,,,,,T
https://blog.naver.com/myday2227?Redirect=Log&logNo=222557923840,,,,,,T
https://blog.naver.com/piterpan322?Redirect=Log&logNo=222375560352,,,,,,T
https://blog.naver.com/kimna2007?Redirect=Log&logNo=222165470300,,,,,,T
https://blog.naver.com/seoyujin0706?Redirect=Log&logNo=222365391063,,,,,,T
https://blog.naver.com/pirijuck?Redirect=Log&logNo=221572450083,,,,,,T
https://blog.naver.com/mhiruk?Redirect=Log&logNo=221025961008,,,,,,T
https://blog.naver.com/dreamool?Redirect=Log&logNo=220569583420,,,,,,T
https://blog.naver.com/dreamool?Redirect=Log&logNo=220568470636,,,,,,T
https://blog.naver.com/jvj24601?Redirect=Log&logNo=221344212800,,,,,,T
https://blog.naver.com/fingership?Redirect=Log&logNo=221407622373,,,,,,T
https://blog.naver.com/news0627?Redirect=Log&logNo=222503715848,,,,,,T
https://blog.naver.com/sunfloweruj?Redirect=Log&logNo=220721199217,,,,,,T
https://blog.naver.com/sosxogks?Redirect=Log&logNo=222282435860,,,,,,T
https://blog.naver.com/taehwan0118?Redirect=Log&logNo=222525697279,,,,,,T
https://blog.naver.com/psjgoodi?Redirect=Log&logNo=221542490855,,,,,,T
https://blog.naver.com/dmso18?Redirect=Log&logNo=222433159793,,,,,,T
https://blog.naver.com/dreamintro?Redirect=Log&logNo=50144986003,,,,,,T
https://blog.naver.com/seeu000?Redirect=Log&logNo=220735903467,,,,,,T
https://blog.naver.com/gywn8617?Redirect=Log&logNo=222136268783,,,,,,T
https://blog.naver.com/dltmfrl504?Redirect=Log&logNo=222526780486,,,,,,T
https://blog.naver.com/nkj2001?Redirect=Log&logNo=20099366146,,,,,,T
https://blog.naver.com/hangeuland?Redirect=Log&logNo=221614873763,,,,,,T
https://blog.naver.com/riseup0711?Redirect=Log&logNo=222484471620,,,,,,T
https://blog.naver.com/nsm1981?Redirect=Log&logNo=222296885766,,,,,,T
https://blog.daum.net/y2k2041/15812759,,,,,,T
https://blog.naver.com/pss1122?Redirect=Log&logNo=20143855213,,,,,,T
https://blog.naver.com/nagaa_y?Redirect=Log&logNo=220803110588,,,,,,T
https://blog.naver.com/dndud4738?Redirect=Log&logNo=222397666754,,,,,,T
https://blog.naver.com/mini1493?Redirect=Log&logNo=221766852467,,,,,,T
https://blog.naver.com/wwwon2?Redirect=Log&logNo=222223341839,,,,,,T
https://blog.naver.com/sodan4?Redirect=Log&logNo=222514043859,,,,,,F
https://blog.naver.com/ljblkd?Redirect=Log&logNo=221115599756,,,,,,T
https://blog.naver.com/yangklee?Redirect=Log&logNo=222529620932,,,,,,T
https://blog.naver.com/treasure608?Redirect=Log&logNo=222046094423,,,,,,T
https://blog.naver.com/dailytalk_hy?Redirect=Log&logNo=221670112617,,,,,,T
https://blog.naver.com/guilgong?Redirect=Log&logNo=33306294,,,,,,T
https://blog.naver.com/virgin99?Redirect=Log&logNo=222549658251,,,,,,T
https://blog.naver.com/nkj2001?Redirect=Log&logNo=20099464255,,,,,,T
https://blog.naver.com/bithero3000?Redirect=Log&logNo=222376748073,,,,,,T
https://blog.naver.com/nazzang919?Redirect=Log&logNo=221032364167,,,,,,T
https://blog.naver.com/bluebuskr?Redirect=Log&logNo=222025563102,,,,,,F
https://blog.naver.com/redsea2905?Redirect=Log&logNo=221963725714,,,,,,T
https://blog.naver.com/eddy8706?Redirect=Log&logNo=222425048076,,,,,,T
https://blog.naver.com/sakaman?Redirect=Log&logNo=222153038472,,,,,,F
https://blog.naver.com/phmphm88?Redirect=Log&logNo=222214433240,,,,,,T
https://blog.naver.com/damyanggun?Redirect=Log&logNo=220845056875,,,,,,T
https://blog.naver.com/bomool5074?Redirect=Log&logNo=221420929537,,,,,,T
https://blog.naver.com/nanpei0109?Redirect=Log&logNo=222246409546,,,,,,T
https://blog.naver.com/webper21?Redirect=Log&logNo=40207707905,,,,,,F
https://blog.naver.com/dhkdwkek1?Redirect=Log&logNo=221482233182,,,,,,T
https://blog.naver.com/rafiuta?Redirect=Log&logNo=222512668268,,,,,,T
https://blog.naver.com/sky67014?Redirect=Log&logNo=222282391824,,,,,,T
https://blog.naver.com/blueymy?Redirect=Log&logNo=100129726795,,,,,,T
https://blog.naver.com/nsm1981?Redirect=Log&logNo=221933412946,,,,,,T
https://blog.naver.com/bluebuskr?Redirect=Log&logNo=222030401273,,,,,,T
https://blog.naver.com/bin00063?Redirect=Log&logNo=221519276827,,,,,,T
https://blog.naver.com/carnix?Redirect=Log&logNo=90176127956,,,,,,T
https://blog.naver.com/76jade?Redirect=Log&logNo=222569362235,,,,,,T
https://blog.naver.com/soon09143?Redirect=Log&logNo=220208964055,,,,,,T
https://blog.naver.com/rudgml7627?Redirect=Log&logNo=222566376973,,,,,,T
https://blog.naver.com/bowoon0421?Redirect=Log&logNo=222250090425,,,,,,T
https://blog.naver.com/shbje?Redirect=Log&logNo=221165341847,,,,,,T
https://blog.naver.com/peach_ioi?Redirect=Log&logNo=222072261870,,,,,,T
https://blog.naver.com/sc720902?Redirect=Log&logNo=222000382588,,,,,,T
https://blog.naver.com/97109061?Redirect=Log&logNo=222274051221,,,,,,T
https://blog.naver.com/eddy8706?Redirect=Log&logNo=222396913893,,,,,,T
https://blog.naver.com/muz100?Redirect=Log&logNo=221749963564,,,,,,T
https://blog.naver.com/jakpoom1215?Redirect=Log&logNo=222491899087,,,,,,T
https://blog.daum.net/kamji1003/250,,,,,,F
https://blog.naver.com/daewg?Redirect=Log&logNo=120025472674,,,,,,F
https://blog.naver.com/angtal11?Redirect=Log&logNo=30158423647,,,,,,T
https://blog.naver.com/nailstan?Redirect=Log&logNo=222536042160,,,,,,T
https://blog.naver.com/weeeunjee?Redirect=Log&logNo=222534559655,,,,,,T
https://blog.naver.com/banana1734?Redirect=Log&logNo=222564880138,,,,,,T
https://blog.daum.net/scyonic/15865952,,,,,,F
https://blog.naver.com/juku?Redirect=Log&logNo=222315921857,,,,,,T
https://blog.naver.com/mp5422?Redirect=Log&logNo=209088457,,,,,,F
https://blog.naver.com/chakanwolf1?Redirect=Log&logNo=220129622892,,,,,,T
https://blog.naver.com/kkoypp?Redirect=Log&logNo=221697696455,,,,,,F
https://blog.naver.com/heeseung201?Redirect=Log&logNo=222342247018,,,,,,T
https://blog.naver.com/deatecum?Redirect=Log&logNo=222561211659,,,,,,T
https://blog.naver.com/mecca633?Redirect=Log&logNo=221761912233,,,,,,T
https://blog.naver.com/gloryfamily17?Redirect=Log&logNo=222439291572,,,,,,T
https://blog.naver.com/springday99?Redirect=Log&logNo=221028329307,,,,,,T
https://blog.naver.com/sho3312?Redirect=Log&logNo=221551446382,,,,,,F
https://blog.naver.com/twinkia?Redirect=Log&logNo=220937250394,,,,,,T
https://blog.naver.com/speakmenow?Redirect=Log&logNo=120117716899,,,,,,T
https://blog.naver.com/neweunha?Redirect=Log&logNo=222387117169,,,,,,T
https://blog.naver.com/kthan1?Redirect=Log&logNo=120113069376,,,,,,F
https://blog.naver.com/shbae3521?Redirect=Log&logNo=20148462441,,,,,,F
https://blog.naver.com/aceokh?Redirect=Log&logNo=40200289483,,,,,,F
https://blog.naver.com/yjm0190?Redirect=Log&logNo=222007647683,,,,,,T
https://blog.naver.com/mp5422?Redirect=Log&logNo=209162906,,,,,,F
https://blog.naver.com/manho090700?Redirect=Log&logNo=221978457878,,,,,,T
https://blog.naver.com/wingbird2010?Redirect=Log&logNo=80146143047,,,,,,F
https://blog.naver.com/sanijowa?Redirect=Log&logNo=222237658017,,,,,,T
https://blog.naver.com/jstar7798?Redirect=Log&logNo=222075701481,,,,,,T
https://blog.naver.com/1978mm?Redirect=Log&logNo=222501146871,,,,,,F
https://blog.naver.com/erric88?Redirect=Log&logNo=222448245716,,,,,,T
https://blog.naver.com/busung21?Redirect=Log&logNo=221078059051,,,,,,F
https://blog.naver.com/cendy99?Redirect=Log&logNo=100155951104,,,,,,T
https://blog.naver.com/anndam?Redirect=Log&logNo=222437752962,,,,,,T
https://blog.daum.net/tourcodi/8129163,,,,,,T
https://blog.naver.com/kongbu?Redirect=Log&logNo=220844698750,,,,,,T
https://blog.paradise.co.kr/1792,,,,,,T
https://blog.naver.com/bb00dd?Redirect=Log&logNo=222255713895,,,,,,T
https://blog.naver.com/rami1335?Redirect=Log&logNo=222026226474,,,,,,T
https://blog.naver.com/lyk3902?Redirect=Log&logNo=20005129028,,,,,,F
https://blog.naver.com/kino2080?Redirect=Log&logNo=221940215046,,,,,,T
https://blog.naver.com/iddd99?Redirect=Log&logNo=167951016,,,,,,T
https://blog.naver.com/cutycom?Redirect=Log&logNo=221438333296,,,,,,T
https://blog.naver.com/unsoul20?Redirect=Log&logNo=221690930163,,,,,,T
https://blog.naver.com/freestyle_cy?Redirect=Log&logNo=221616640591,,,,,,T
https://blog.naver.com/sgskj?Redirect=Log&logNo=40172320518,,,,,,T
https://blog.naver.com/bomool5074?Redirect=Log&logNo=221798784650,,,,,,T
https://blog.naver.com/nayusi0610?Redirect=Log&logNo=221434643389,,,,,,T
https://blog.naver.com/unsoul20?Redirect=Log&logNo=221687077061,,,,,,T
https://blog.naver.com/jhn6676?Redirect=Log&logNo=222581208041,,,,,,T
https://blog.naver.com/namdokorea?Redirect=Log&logNo=221602358288,,,,,,T
https://blog.naver.com/ghgh490?Redirect=Log&logNo=221743717312,,,,,,T
https://blog.naver.com/ihyunbaby?Redirect=Log&logNo=40197126820,,,,,,T
https://blog.naver.com/bomool5074?Redirect=Log&logNo=221599283068,,,,,,T
https://blog.naver.com/hyanggi8737?Redirect=Log&logNo=221139230925,,,,,,T
https://blog.naver.com/bsb7411?Redirect=Log&logNo=20173345153,,,,,,T
https://blog.naver.com/minderella55?Redirect=Log&logNo=222401340587,,,,,,T
https://blog.naver.com/cwy0112?Redirect=Log&logNo=221854974748,,,,,,T
https://blog.naver.com/wuin11?Redirect=Log&logNo=221366489903,,,,,,T
https://blog.naver.com/majljk?Redirect=Log&logNo=222420343145,,,,,,T
https://blog.naver.com/rokmc5688?Redirect=Log&logNo=50083807670,,,,,,F
https://blog.daum.net/cognos57/15976829,,,,,,T
https://blog.naver.com/namdokorea?Redirect=Log&logNo=222432641368,,,,,,T
https://blog.naver.com/jessimade?Redirect=Log&logNo=220793842701,,,,,,T
https://blog.naver.com/malyoun2?Redirect=Log&logNo=221427182553,,,,,,T
https://blog.naver.com/sukchui?Redirect=Log&logNo=222149386812,,,,,,F
https://blog.naver.com/lauds98?Redirect=Log&logNo=10140986485,,,,,,T
https://blog.naver.com/4bubuss?Redirect=Log&logNo=222365613493,,,,,,T
https://blog.naver.com/jamjma98?Redirect=Log&logNo=220191331960,,,,,,T
https://blog.naver.com/starwash0?Redirect=Log&logNo=221088909722,,,,,,T
https://blog.naver.com/ksy7366?Redirect=Log&logNo=221295256655,,,,,,T
https://blog.naver.com/ansu14?Redirect=Log&logNo=222516350277,,,,,,T
https://blog.naver.com/bomool5074?Redirect=Log&logNo=221473163346,,,,,,T
https://blog.naver.com/namdokorea?Redirect=Log&logNo=220875447240,,,,,,T
https://blog.naver.com/sweetykity?Redirect=Log&logNo=222069669241,,,,,,T
https://blog.naver.com/rushmini?Redirect=Log&logNo=222582719566,,,,,,T
https://blog.naver.com/a_sini?Redirect=Log&logNo=220356275455,,,,,,T
https://blog.naver.com/sodan4?Redirect=Log&logNo=222519401265,,,,,,F
https://blog.daum.net/scyonic/15865963,,,,,,T
https://blog.naver.com/rainyday024?Redirect=Log&logNo=220479741850,,,,,,T
https://blog.naver.com/kijitop?Redirect=Log&logNo=221639514751,,,,,,T
https://blog.naver.com/bobae600?Redirect=Log&logNo=220148015084,,,,,,T
https://blog.naver.com/buin0326?Redirect=Log&logNo=220389740180,,,,,,T
https://blog.naver.com/hym0254?Redirect=Log&logNo=220097690016,,,,,,T
https://blog.naver.com/suk4408?Redirect=Log&logNo=222444444920,,,,,,T
https://blog.naver.com/jstar7798?Redirect=Log&logNo=222074490459,,,,,,T
https://blog.naver.com/namdokorea?Redirect=Log&logNo=221957256456,,,,,,T
https://blog.naver.com/hsakjo?Redirect=Log&logNo=221071356657,,,,,,T
https://blog.naver.com/bingstyle?Redirect=Log&logNo=221599923254,,,,,,T
https://blog.naver.com/sbr173?Redirect=Log&logNo=222324225628,,,,,,T
https://blog.naver.com/guswogns7?Redirect=Log&logNo=221381436432,,,,,,F
https://blog.naver.com/capzzang70?Redirect=Log&logNo=100028281902,,,,,,T
https://blog.naver.com/bluebuskr?Redirect=Log&logNo=222065624934,,,,,,T
https://blog.naver.com/appaloosa73?Redirect=Log&logNo=50133052984,,,,,,T
https://blog.naver.com/jcjkks?Redirect=Log&logNo=70172027899,,,,,,F
https://blog.naver.com/wks5183?Redirect=Log&logNo=222542712633,,,,,,T
https://blog.naver.com/meiluoyin?Redirect=Log&logNo=222021733434,,,,,,T
https://blog.naver.com/bluebuskr?Redirect=Log&logNo=222058298676,,,,,,T
https://blog.naver.com/zunnukang?Redirect=Log&logNo=222428642877,,,,,,T
https://blog.daum.net/scyonic/15865960,,,,,,T
https://blog.naver.com/jcjkks?Redirect=Log&logNo=70171843762,,,,,,F
https://blog.naver.com/snowcat3?Redirect=Log&logNo=222577494601,,,,,,T
https://blog.naver.com/91427ib?Redirect=Log&logNo=221182448917,,,,,,T
https://blog.naver.com/jung_nh?Redirect=Log&logNo=222011572670,,,,,,T
https://blog.naver.com/saint_seya?Redirect=Log&logNo=221360004120,,,,,,T
https://blog.naver.com/freewillfree?Redirect=Log&logNo=150186181253,,,,,,T
https://blog.naver.com/civil95?Redirect=Log&logNo=90149803187,,,,,,T
https://blog.naver.com/tkba5?Redirect=Log&logNo=127323193,,,,,,T
https://blog.naver.com/sgs3732?Redirect=Log&logNo=221674157586,,,,,,T
https://blog.naver.com/jvj24601?Redirect=Log&logNo=222177421742,,,,,,F
https://blog.naver.com/kingcas32?Redirect=Log&logNo=222476447363,,,,,,T
https://blog.naver.com/jagger0723?Redirect=Log&logNo=221795056176,,,,,,F
https://blog.naver.com/eunrang76?Redirect=Log&logNo=150177593217,,,,,,T
https://blog.naver.com/namdokorea?Redirect=Log&logNo=221338648210,,,,,,F
https://blog.naver.com/horismos?Redirect=Log&logNo=221385374147,,,,,,T
https://blog.naver.com/womancaps49?Redirect=Log&logNo=130143070309,,,,,,F
https://blog.naver.com/parksara7766?Redirect=Log&logNo=222580523630,,,,,,T
https://blog.naver.com/kjt0917?Redirect=Log&logNo=222077144507,,,,,,T
https://blog.naver.com/lorurum_m?Redirect=Log&logNo=20146243068,,,,,,T
https://blog.naver.com/kukleul?Redirect=Log&logNo=221725513936,,,,,,T
https://blog.naver.com/tory4227?Redirect=Log&logNo=220744411406,,,,,,T
https://blog.naver.com/joajoa1211?Redirect=Log&logNo=221793058089,,,,,,T
https://blog.naver.com/uk7517?Redirect=Log&logNo=221710736487,,,,,,T
https://blog.naver.com/jvj24601?Redirect=Log&logNo=221923915435,,,,,,T
https://blog.naver.com/bucketlist79?Redirect=Log&logNo=221962909193,,,,,,T
https://blog.naver.com/asz03?Redirect=Log&logNo=222166301064,,,,,,T
https://blog.naver.com/soriel97?Redirect=Log&logNo=222124670929,,,,,,T
https://blog.naver.com/hiksoo?Redirect=Log&logNo=221985878475,,,,,,T
https://blog.naver.com/soh109?Redirect=Log&logNo=220342239415,,,,,,T
https://blog.naver.com/newosilent?Redirect=Log&logNo=220337958240,,,,,,T
https://blog.naver.com/bgrace?Redirect=Log&logNo=50038498960,,,,,,T
https://blog.naver.com/ddawndew?Redirect=Log&logNo=50084292944,,,,,,T
https://blog.naver.com/theclclinic?Redirect=Log&logNo=221022804464,,,,,,T
https://blog.naver.com/1ucy?Redirect=Log&logNo=90068996411,,,,,,T
https://blog.naver.com/namdokorea?Redirect=Log&logNo=221706302269,,,,,,T
https://blog.naver.com/wed1204?Redirect=Log&logNo=130068275979,,,,,,T
https://blog.naver.com/busung21?Redirect=Log&logNo=221077070104,,,,,,T
https://blog.naver.com/dmsthdha?Redirect=Log&logNo=222206541197,,,,,,T
https://blog.naver.com/captirover?Redirect=Log&logNo=221742095135,,,,,,T
https://blog.naver.com/blue_wiz?Redirect=Log&logNo=220386597340,,,,,,F
https://blog.naver.com/man9855?Redirect=Log&logNo=222528133251,,,,,,T
https://blog.naver.com/jongsulim?Redirect=Log&logNo=110159436792,,,,,,T
https://blog.naver.com/ura5?Redirect=Log&logNo=222016364177,,,,,,T
https://blog.naver.com/wed1204?Redirect=Log&logNo=130068336623,,,,,,T
https://blog.naver.com/r_rammy?Redirect=Log&logNo=222465578244,,,,,,T
https://blog.naver.com/purity_k?Redirect=Log&logNo=221406842145,,,,,,T
https://blog.naver.com/aj_foto?Redirect=Log&logNo=221636372613,,,,,,T
https://blog.naver.com/jglakfl?Redirect=Log&logNo=130069168039,,,,,,T
https://blog.naver.com/dada3797?Redirect=Log&logNo=220726790241,,,,,,T
https://blog.naver.com/ajgksi11?Redirect=Log&logNo=222563424249,,,,,,T
https://blog.naver.com/bsb7411?Redirect=Log&logNo=20168642580,,,,,,T
https://blog.naver.com/leeuhra?Redirect=Log&logNo=134104680,,,,,,T
https://blog.daum.net/m9419/1426,,,,,,T
https://blog.naver.com/tiffanyflower?Redirect=Log&logNo=221922780631,,,,,,T
https://blog.daum.net/photo4782/13676236,,,,,,F
https://blog.naver.com/akekdthkl200?Redirect=Log&logNo=220162732718,,,,,,T
https://blog.naver.com/jjin_eya?Redirect=Log&logNo=221947844450,,,,,,T
https://blog.naver.com/jblawyer?Redirect=Log&logNo=221785423381,,,,,,T
https://blog.naver.com/choehy315?Redirect=Log&logNo=221974806494,,,,,,T
https://blog.naver.com/sandcastle44?Redirect=Log&logNo=221379005170,,,,,,T
https://blog.naver.com/jjingjjing92?Redirect=Log&logNo=221943651736,,,,,,T
https://blog.naver.com/jhb0247?Redirect=Log&logNo=220126058007,,,,,,T
https://blog.naver.com/tongmo3?Redirect=Log&logNo=221696756038,,,,,,T
https://blog.naver.com/dignskadnr?Redirect=Log&logNo=222449867268,,,,,,F
https://blog.naver.com/sanel21?Redirect=Log&logNo=220704438914,,,,,,T
https://blog.naver.com/konokonoko?Redirect=Log&logNo=221530888590,,,,,,T
https://blog.naver.com/rollimun?Redirect=Log&logNo=222038830785,,,,,,T
https://blog.naver.com/jhj820607?Redirect=Log&logNo=221564125463,,,,,,T
https://blog.naver.com/yoonina8?Redirect=Log&logNo=221400931837,,,,,,T
https://blog.naver.com/lp1205?Redirect=Log&logNo=222478905387,,,,,,T
https://blog.naver.com/koreatrails?Redirect=Log&logNo=221008818725,,,,,,F
https://blog.naver.com/joo1609?Redirect=Log&logNo=221671219807,,,,,,T
https://blog.naver.com/jglakfl?Redirect=Log&logNo=130069172645,,,,,,T
https://blog.naver.com/jhyang58?Redirect=Log&logNo=221674122433,,,,,,F
https://blog.naver.com/hapd1236?Redirect=Log&logNo=221500578202,,,,,,T
https://blog.naver.com/srtraveler?Redirect=Log&logNo=221617182082,,,,,,T
https://blog.daum.net/tourcodi/8129141,,,,,,T
https://blog.naver.com/starwash0?Redirect=Log&logNo=221092255024,,,,,,T
https://blog.naver.com/ynssong03?Redirect=Log&logNo=221390774267,,,,,,T
https://blog.naver.com/davidhan-2020?Redirect=Log&logNo=222570229766,,,,,,F
https://blog.naver.com/kayak71?Redirect=Log&logNo=222474178865,,,,,,T
https://blog.naver.com/ka8564?Redirect=Log&logNo=221847328963,,,,,,T
https://blog.naver.com/namdokorea?Redirect=Log&logNo=222113574580,,,,,,T
https://blog.naver.com/whtmdwo13?Redirect=Log&logNo=222585658105,,,,,,T
https://blog.naver.com/vixlee?Redirect=Log&logNo=70116229293,,,,,,T
https://blog.naver.com/jagger0723?Redirect=Log&logNo=221802444332,,,,,,T
https://blog.naver.com/dndud4738?Redirect=Log&logNo=222178887211,,,,,,T
https://blog.naver.com/crom2481?Redirect=Log&logNo=120096766463,,,,,,T
https://blog.naver.com/greenjeonnam?Redirect=Log&logNo=70103458827,,,,,,T
https://blog.naver.com/mujurbar?Redirect=Log&logNo=130110504783,,,,,,T
https://blog.naver.com/koreatrails?Redirect=Log&logNo=221032670677,,,,,,T
https://blog.naver.com/callme_by?Redirect=Log&logNo=222310862123,,,,,,T
https://blog.naver.com/mj014437?Redirect=Log&logNo=222019041322,,,,,,T
https://blog.naver.com/cafeinfofam?Redirect=Log&logNo=150109168222,,,,,,F
https://blog.naver.com/koreatrails?Redirect=Log&logNo=221000927239,,,,,,F
https://blog.daum.net/uesgi2003/454,,,,,,T
https://blog.naver.com/yew1000?Redirect=Log&logNo=222565386484,,,,,,T
https://blog.naver.com/ckrgksgudxo?Redirect=Log&logNo=221574974529,,,,,,T
https://blog.naver.com/srokki89?Redirect=Log&logNo=221480100688,,,,,,T
https://blog.naver.com/chococozz?Redirect=Log&logNo=221573745445,,,,,,T
https://blog.naver.com/thailee_ohpy?Redirect=Log&logNo=20162588816,,,,,,T
https://blog.naver.com/minijungin?Redirect=Log&logNo=222502521989,,,,,,T
https://blog.naver.com/yjoshjh?Redirect=Log&logNo=222078954642,,,,,,F
https://blog.naver.com/lyu1388?Redirect=Log&logNo=220183654516,,,,,,T
https://blog.naver.com/cbpg0923?Redirect=Log&logNo=100210688098,,,,,,T
https://blog.naver.com/lucete515?Redirect=Log&logNo=220319200569,,,,,,T
https://blog.naver.com/jj2yo?Redirect=Log&logNo=222003596981,,,,,,T
https://blog.naver.com/doyoungcar?Redirect=Log&logNo=140028121856,,,,,,T
https://blog.naver.com/h00000n?Redirect=Log&logNo=221589735251,,,,,,T
https://blog.daum.net/nara615/7664879,,,,,,T
https://blog.naver.com/poiboss23?Redirect=Log&logNo=50099098607,,,,,,T
https://blog.naver.com/mingvely_90?Redirect=Log&logNo=221600584847,,,,,,T
https://blog.naver.com/bb00dd?Redirect=Log&logNo=222358464703,,,,,,T
https://blog.naver.com/greenjeonnam?Redirect=Log&logNo=70129673744,,,,,,F
https://blog.naver.com/lyu1388?Redirect=Log&logNo=221375325056,,,,,,T
https://blog.naver.com/sunlhj0004?Redirect=Log&logNo=187942047,,,,,,T
https://blog.naver.com/paran100479?Redirect=Log&logNo=130128179112,,,,,,T
https://blog.naver.com/khs_2810?Redirect=Log&logNo=220634472232,,,,,,T
https://blog.naver.com/bohyeonlee?Redirect=Log&logNo=221121760067,,,,,,T
https://blog.naver.com/tnwlsdl702?Redirect=Log&logNo=222040269928,,,,,,T
https://blog.naver.com/you_fost?Redirect=Log&logNo=221043222293,,,,,,T
https://blog.daum.net/scyonic/15865926,,,,,,T
https://blog.naver.com/pdu0601?Redirect=Log&logNo=220096914514,,,,,,T
https://blog.naver.com/hapec2009?Redirect=Log&logNo=70103556832,,,,,,T
https://blog.naver.com/jstar7798?Redirect=Log&logNo=222367306295,,,,,,T
https://blog.naver.com/hmjeong99?Redirect=Log&logNo=60135247783,,,,,,T
https://blog.naver.com/top_ki?Redirect=Log&logNo=222321936333,,,,,,T
https://blog.daum.net/tourcodi/8129075,,,,,,T
https://blog.naver.com/huira315?Redirect=Log&logNo=222476312485,,,,,,T
https://blog.naver.com/touredu?Redirect=Log&logNo=30169824878,,,,,,T
https://blog.naver.com/doky80?Redirect=Log&logNo=40205779032,,,,,,T
https://blog.naver.com/pink_310?Redirect=Log&logNo=222065851194,,,,,,T
https://blog.naver.com/coolish2?Redirect=Log&logNo=50113457066,,,,,,T
https://blog.naver.com/hjszsj?Redirect=Log&logNo=222558869866,,,,,,T
https://blog.naver.com/kk_hwa?Redirect=Log&logNo=221583633983,,,,,,T
https://blog.naver.com/allehandra?Redirect=Log&logNo=221432209826,,,,,,T
https://blog.naver.com/top_ki?Redirect=Log&logNo=222339697062,,,,,,T
https://blog.naver.com/kkamsisesang?Redirect=Log&logNo=220923381497,,,,,,T
https://blog.naver.com/youngs514?Redirect=Log&logNo=222574991435,,,,,,T
https://blog.naver.com/k54382000?Redirect=Log&logNo=221286235293,,,,,,T
https://blog.naver.com/jbm993?Redirect=Log&logNo=220880772806,,,,,,T
https://blog.naver.com/92998901?Redirect=Log&logNo=222063290994,,,,,,T
https://blog.naver.com/ohkleymom?Redirect=Log&logNo=220235745322,,,,,,T
https://blog.naver.com/koomihomiho?Redirect=Log&logNo=220836191176,,,,,,T
https://blog.naver.com/dibrary1004?Redirect=Log&logNo=30080273912,,,,,,T
https://blog.naver.com/overroad89?Redirect=Log&logNo=90078349845,,,,,,T
https://blog.naver.com/robot179?Redirect=Log&logNo=20164265896,,,,,,F
https://blog.naver.com/kimera0211?Redirect=Log&logNo=140004322449,,,,,,T
https://blog.naver.com/ddilbbac?Redirect=Log&logNo=222297300717,,,,,,T
https://blog.naver.com/sia0820?Redirect=Log&logNo=222245346805,,,,,,T
https://blog.naver.com/touredu?Redirect=Log&logNo=30157698104,,,,,,T
https://blog.naver.com/pria6812?Redirect=Log&logNo=221685680304,,,,,,T
https://blog.naver.com/rdg0817?Redirect=Log&logNo=222236305587,,,,,,T
https://blog.naver.com/chks66377?Redirect=Log&logNo=220871810349,,,,,,T
https://blog.naver.com/juco9075?Redirect=Log&logNo=221401033287,,,,,,T
https://blog.naver.com/ehdrb9840?Redirect=Log&logNo=174183960,,,,,,T
https://blog.naver.com/remonbisket?Redirect=Log&logNo=222250817012,,,,,,T
https://blog.naver.com/babydoubleu?Redirect=Log&logNo=70182865573,,,,,,T
https://blog.naver.com/ico4160?Redirect=Log&logNo=221224411394,,,,,,T
https://blog.naver.com/2011travel?Redirect=Log&logNo=222031212778,,,,,,T
https://blog.naver.com/rosekim1102?Redirect=Log&logNo=40200433679,,,,,,T
https://blog.naver.com/hyy2831?Redirect=Log&logNo=222358708914,,,,,,T
https://blog.naver.com/bluebuskr?Redirect=Log&logNo=222030926290,,,,,,T
https://blog.daum.net/cognos57/15976816,,,,,,T
https://blog.naver.com/lyu1388?Redirect=Log&logNo=221522288965,,,,,,T
https://blog.naver.com/tmfrl0225?Redirect=Log&logNo=130088150059,,,,,,T
https://blog.naver.com/bang123?Redirect=Log&logNo=222063678482,,,,,,T
https://blog.naver.com/weonz0?Redirect=Log&logNo=222533664382,,,,,,T
https://blog.naver.com/runman1967?Redirect=Log&logNo=222572249853,,,,,,F
https://blog.naver.com/jsgo76?Redirect=Log&logNo=222568367964,,,,,,T
https://blog.naver.com/skmoonsk?Redirect=Log&logNo=222391226673,,,,,,T
https://blog.naver.com/paran100479?Redirect=Log&logNo=130128183512,,,,,,T
https://blog.naver.com/chaeaniii?Redirect=Log&logNo=222276602528,,,,,,T
https://blog.naver.com/cles7948?Redirect=Log&logNo=221606125594,,,,,,T
https://blog.naver.com/kooni?Redirect=Log&logNo=221402543088,,,,,,T
https://blog.naver.com/eugene_cong?Redirect=Log&logNo=220341574987,,,,,,T
https://blog.naver.com/andrewgo?Redirect=Log&logNo=220851477860,,,,,,T
https://blog.naver.com/euniya77?Redirect=Log&logNo=222056912522,,,,,,T
https://blog.naver.com/h00000n?Redirect=Log&logNo=221589333513,,,,,,T
https://blog.naver.com/sonjun5877?Redirect=Log&logNo=222575865406,,,,,,T
https://blog.naver.com/lisuki417?Redirect=Log&logNo=221559488797,,,,,,T
https://blog.naver.com/147048?Redirect=Log&logNo=221805448372,,,,,,T
https://blog.naver.com/namdokorea?Redirect=Log&logNo=221691953534,,,,,,T
https://blog.naver.com/homibike?Redirect=Log&logNo=221415999345,,,,,,T
https://blog.naver.com/coolish2?Redirect=Log&logNo=50113529143,,,,,,T
https://blog.naver.com/dondogi?Redirect=Log&logNo=100101631201,,,,,,F
https://blog.naver.com/anji1225?Redirect=Log&logNo=221989743763,,,,,,T
https://blog.naver.com/cjmb9757?Redirect=Log&logNo=220485038950,,,,,,T
https://blog.naver.com/dbgusdl1212?Redirect=Log&logNo=222293618392,,,,,,T
https://blog.naver.com/2058mangi?Redirect=Log&logNo=222462430161,,,,,,F
https://blog.naver.com/angtal11?Redirect=Log&logNo=30189548974,,,,,,T
https://blog.naver.com/msy8015?Redirect=Log&logNo=221705573299,,,,,,T
https://blog.naver.com/hankookceo?Redirect=Log&logNo=40208757345,,,,,,T
https://blog.naver.com/hee240?Redirect=Log&logNo=222423981603,,,,,,T
https://blog.naver.com/msy8015?Redirect=Log&logNo=221708183829,,,,,,T
https://blog.naver.com/sme3364?Redirect=Log&logNo=220725435515,,,,,,T
https://blog.naver.com/tpgml0094?Redirect=Log&logNo=221298739612,,,,,,T
https://blog.naver.com/ekssky1004?Redirect=Log&logNo=222258651111,,,,,,T
https://blog.naver.com/nan302?Redirect=Log&logNo=110086860307,,,,,,T
https://blog.naver.com/khj960426?Redirect=Log&logNo=220947509385,,,,,,T
https://blog.naver.com/2_sso?Redirect=Log&logNo=222492081113,,,,,,T
https://blog.naver.com/janghg?Redirect=Log&logNo=110073474447,,,,,,T
https://blog.naver.com/ec3355ec?Redirect=Log&logNo=221470784877,,,,,,T
https://blog.naver.com/acnpkw?Redirect=Log&logNo=221600430785,,,,,,F
https://blog.naver.com/photo1060?Redirect=Log&logNo=221675929882,,,,,,T
https://blog.naver.com/hujisang?Redirect=Log&logNo=221412827117,,,,,,F
https://blog.naver.com/hyejy1004?Redirect=Log&logNo=221559369807,,,,,,T
https://blog.naver.com/kon_pig?Redirect=Log&logNo=222387211982,,,,,,T
https://blog.naver.com/wah0326?Redirect=Log&logNo=140087441669,,,,,,T
https://blog.naver.com/sannun?Redirect=Log&logNo=221608382868,,,,,,F
https://blog.naver.com/fbgid1023?Redirect=Log&logNo=221534069960,,,,,,T
https://blog.naver.com/uiop2191?Redirect=Log&logNo=222111144451,,,,,,T
https://blog.naver.com/smile8701?Redirect=Log&logNo=130083806563,,,,,,T
https://blog.naver.com/namdokorea?Redirect=Log&logNo=221636539758,,,,,,T
https://blog.naver.com/real1jh?Redirect=Log&logNo=222122212169,,,,,,T
https://blog.naver.com/sosxogks?Redirect=Log&logNo=222285247406,,,,,,T
https://blog.naver.com/lovely_fat?Redirect=Log&logNo=222290159163,,,,,,T
https://blog.naver.com/lazybonn1?Redirect=Log&logNo=221669686241,,,,,,T
https://blog.naver.com/12hr15?Redirect=Log&logNo=221991182710,,,,,,T
https://blog.naver.com/webper21?Redirect=Log&logNo=40188639208,,,,,,F
https://blog.naver.com/wcrk1107?Redirect=Log&logNo=220879208420,,,,,,T
https://blog.naver.com/yoon-spring?Redirect=Log&logNo=222423733754,,,,,,T
https://blog.naver.com/inchunjh?Redirect=Log&logNo=120000961171,,,,,,T
https://blog.naver.com/armanino2?Redirect=Log&logNo=221401937283,,,,,,T
https://blog.naver.com/crom2481?Redirect=Log&logNo=120096497559,,,,,,T
https://blog.naver.com/hnmh2332?Redirect=Log&logNo=220912293922,,,,,,T
https://blog.naver.com/hong7764?Redirect=Log&logNo=222532025302,,,,,,T
https://blog.naver.com/ddm1763?Redirect=Log&logNo=222223654329,,,,,,T
https://blog.naver.com/kiss197823?Redirect=Log&logNo=164663729,,,,,,T
https://blog.naver.com/junsnet?Redirect=Log&logNo=221339013723,,,,,,T
https://blog.naver.com/ann790124?Redirect=Log&logNo=222494194051,,,,,,T
https://blog.naver.com/lebo88?Redirect=Log&logNo=221531679965,,,,,,T
https://blog.naver.com/ik9488?Redirect=Log&logNo=220010190365,,,,,,T
https://blog.naver.com/kcaa_claymaru?Redirect=Log&logNo=222134733784,,,,,,T
https://blog.naver.com/eeena_?Redirect=Log&logNo=222536224850,,,,,,T
https://blog.naver.com/smilly07?Redirect=Log&logNo=221332654103,,,,,,T
https://blog.naver.com/sky_goeun?Redirect=Log&logNo=221514538315,,,,,,T
https://blog.naver.com/ogramhome?Redirect=Log&logNo=220133214641,,,,,,T
https://blog.naver.com/teseumpark?Redirect=Log&logNo=220149135039,,,,,,T
https://blog.naver.com/hnmh2332?Redirect=Log&logNo=221405153976,,,,,,T
https://blog.naver.com/photo4782?Redirect=Log&logNo=222145716754,,,,,,T
https://blog.naver.com/hs486mh?Redirect=Log&logNo=221427314753,,,,,,T
https://blog.naver.com/tripleyangs?Redirect=Log&logNo=220102474779,,,,,,T
https://blog.naver.com/konge84?Redirect=Log&logNo=220021170978,,,,,,T
https://blog.naver.com/porsche9114?Redirect=Log&logNo=221428163969,,,,,,T
https://blog.naver.com/ghi0714?Redirect=Log&logNo=221482859628,,,,,,T
https://blog.naver.com/cjstkahdk?Redirect=Log&logNo=222517183955,,,,,,T
https://blog.naver.com/sdfg29?Redirect=Log&logNo=222481861582,,,,,,T
https://blog.naver.com/yahodc?Redirect=Log&logNo=222325002533,,,,,,F
https://blog.naver.com/kimrg?Redirect=Log&logNo=221335935353,,,,,,T
https://blog.naver.com/kealove0110?Redirect=Log&logNo=220207817497,,,,,,T
https://blog.naver.com/blackimp122?Redirect=Log&logNo=222573316845,,,,,,T
https://blog.naver.com/sosxogks?Redirect=Log&logNo=222284158096,,,,,,T
https://blog.naver.com/mcl9999?Redirect=Log&logNo=221394505150,,,,,,T
https://blog.naver.com/namdokorea?Redirect=Log&logNo=221366018058,,,,,,F
https://blog.naver.com/daphne33?Redirect=Log&logNo=221056641087,,,,,,T
https://blog.naver.com/shbae3521?Redirect=Log&logNo=222573713047,,,,,,T
https://blog.naver.com/joopokey?Redirect=Log&logNo=221650581980,,,,,,T
https://blog.naver.com/kmk1670?Redirect=Log&logNo=221566539928,,,,,,T
https://blog.naver.com/skmoonsk?Redirect=Log&logNo=222129818683,,,,,,T
https://blog.naver.com/snstek?Redirect=Log&logNo=222582132825,,,,,,T
https://blog.daum.net/leehyojong/11792530,,,,,,T
https://blog.naver.com/puchoe?Redirect=Log&logNo=222076370195,,,,,,T
https://blog.naver.com/makaroon8_8?Redirect=Log&logNo=221718357741,,,,,,T
https://blog.naver.com/tnwjd330?Redirect=Log&logNo=222123550548,,,,,,T
https://blog.naver.com/neweunha?Redirect=Log&logNo=222326222203,,,,,,T
https://blog.naver.com/joy747?Redirect=Log&logNo=220994292123,,,,,,T
https://blog.naver.com/hs486mh?Redirect=Log&logNo=222018592074,,,,,,T
https://blog.naver.com/hka1013?Redirect=Log&logNo=221491499727,,,,,,T
https://blog.naver.com/ksddu?Redirect=Log&logNo=221573871878,,,,,,T
https://blog.naver.com/lsy5088?Redirect=Log&logNo=222350939385,,,,,,T
https://blog.naver.com/cheju7376?Redirect=Log&logNo=220058969396,,,,,,T
https://blog.naver.com/phk5432phk?Redirect=Log&logNo=221691308841,,,,,,T
https://blog.naver.com/phk5432phk?Redirect=Log&logNo=221691308841,,,,,,T
https://blog.naver.com/bwh2702?Redirect=Log&logNo=221401172337,,,,,,F
https://blog.naver.com/ksy7366?Redirect=Log&logNo=221295244376,,,,,,T
https://blog.naver.com/hse2010?Redirect=Log&logNo=100170114235,,,,,,T
https://blog.naver.com/fullen_?Redirect=Log&logNo=220702285752,,,,,,T
https://blog.naver.com/soh109?Redirect=Log&logNo=80107533375,,,,,,T
https://blog.daum.net/missy1016/13619435,,,,,,T
https://blog.naver.com/hong273526?Redirect=Log&logNo=221399568879,,,,,,T
https://blog.naver.com/lyu1388?Redirect=Log&logNo=221321504026,,,,,,T
https://blog.naver.com/mzinnia?Redirect=Log&logNo=222544120817,,,,,,T
https://blog.naver.com/hong273526?Redirect=Log&logNo=221401176720,,,,,,T
https://blog.naver.com/snowly03?Redirect=Log&logNo=221618717439,,,,,,T
https://blog.naver.com/psoraq?Redirect=Log&logNo=222566634397,,,,,,T
https://blog.naver.com/easeclub1?Redirect=Log&logNo=110172158774,,,,,,T
https://blog.naver.com/hdkim0?Redirect=Log&logNo=221587963323,,,,,,T
https://blog.daum.net/shc77/1402,,,,,,T
https://blog.naver.com/rrkdwl444?Redirect=Log&logNo=220332625175,,,,,,T
https://blog.naver.com/xlrl5656?Redirect=Log&logNo=221626767685,,,,,,T
https://blog.naver.com/ori2k?Redirect=Log&logNo=220831906951,,,,,,F
https://blog.naver.com/lyu1388?Redirect=Log&logNo=220893336686,,,,,,T
https://blog.naver.com/dalyuri?Redirect=Log&logNo=60161889136,,,,,,T
https://blog.naver.com/yeahhhhhna?Redirect=Log&logNo=222484096096,,,,,,T
https://blog.naver.com/eriogena?Redirect=Log&logNo=221556222762,,,,,,T
https://blog.naver.com/capzzang70?Redirect=Log&logNo=100157648297,,,,,,T
https://blog.naver.com/hankookceo?Redirect=Log&logNo=220434890879,,,,,,T
https://blog.naver.com/jakpoom1215?Redirect=Log&logNo=222480381563,,,,,,T
https://blog.daum.net/huhasim/2902,,,,,,T
https://blog.naver.com/lyyyhui00?Redirect=Log&logNo=221923577410,,,,,,T
https://blog.naver.com/kayak71?Redirect=Log&logNo=222015892609,,,,,,T
https://blog.naver.com/ft_lovely?Redirect=Log&logNo=220415263344,,,,,,T
https://blog.naver.com/wxman73?Redirect=Log&logNo=30085442201,,,,,,T
https://blog.naver.com/mcl9999?Redirect=Log&logNo=221396060684,,,,,,T
https://blog.naver.com/stop73?Redirect=Log&logNo=220496844882,,,,,,T
https://blog.naver.com/lyu1388?Redirect=Log&logNo=221253929047,,,,,,T
https://blog.naver.com/xxx3001x?Redirect=Log&logNo=130119608870,,,,,,T
https://blog.naver.com/itkwon?Redirect=Log&logNo=222305569828,,,,,,F
https://blog.naver.com/hearthani?Redirect=Log&logNo=10141734145,,,,,,T
https://blog.naver.com/dean2980?Redirect=Log&logNo=222117704558,,,,,,T
https://blog.naver.com/cbr1302?Redirect=Log&logNo=221598961532,,,,,,T
https://blog.naver.com/soh109?Redirect=Log&logNo=80107531954,,,,,,T
https://blog.naver.com/jwjsa?Redirect=Log&logNo=220506922281,,,,,,T
https://blog.naver.com/yunsanga12?Redirect=Log&logNo=220878872053,,,,,,T
https://blog.naver.com/gamjic82?Redirect=Log&logNo=222133530313,,,,,,T
https://blog.naver.com/pcn1970?Redirect=Log&logNo=222073093978,,,,,,F
https://blog.naver.com/lessismoremore?Redirect=Log&logNo=221821478603,,,,,,T
https://blog.naver.com/yjys0630?Redirect=Log&logNo=222218556427,,,,,,T
https://blog.naver.com/neweunha?Redirect=Log&logNo=222395323598,,,,,,T
https://blog.daum.net/haha6662/15434062,,,,,,T
https://blog.naver.com/leeba37?Redirect=Log&logNo=220041922556,,,,,,T
https://blog.naver.com/yjiy108?Redirect=Log&logNo=222420177494,,,,,,T
https://blog.naver.com/you1620?Redirect=Log&logNo=221400405422,,,,,,F
https://blog.naver.com/itskkoma?Redirect=Log&logNo=220686124635,,,,,,T
https://blog.naver.com/lsh4215?Redirect=Log&logNo=221797714337,,,,,,F
https://blog.naver.com/herais00?Redirect=Log&logNo=222432191017,,,,,,T
https://blog.naver.com/didthddl4?Redirect=Log&logNo=10140587834,,,,,,T
https://blog.naver.com/zizibaek?Redirect=Log&logNo=70111440484,,,,,,T
https://blog.naver.com/joun0047?Redirect=Log&logNo=222575123302,,,,,,T
https://blog.naver.com/mcl9999?Redirect=Log&logNo=221410718177,,,,,,T
https://blog.naver.com/kimmso1?Redirect=Log&logNo=220581736112,,,,,,T
https://blog.naver.com/radome12?Redirect=Log&logNo=50180786833,,,,,,T
https://blog.naver.com/cognos57?Redirect=Log&logNo=221741177641,,,,,,T
https://blog.daum.net/csmsjy/7090706,,,,,,F
https://blog.naver.com/sm100098?Redirect=Log&logNo=221649300595,,,,,,T
https://blog.naver.com/leejs3176?Redirect=Log&logNo=60121393381,,,,,,T
https://blog.naver.com/flysjy97?Redirect=Log&logNo=222408518639,,,,,,T
https://blog.naver.com/msy8015?Redirect=Log&logNo=220524318942,,,,,,T
https://blog.naver.com/spaid48?Redirect=Log&logNo=220123001514,,,,,,F
https://blog.naver.com/snow4you1?Redirect=Log&logNo=221330351504,,,,,,T
https://blog.naver.com/sannun?Redirect=Log&logNo=221725111293,,,,,,T
https://blog.naver.com/sky_goeun?Redirect=Log&logNo=221688878091,,,,,,T
https://blog.naver.com/myphotoessay?Redirect=Log&logNo=221799111928,,,,,,T
https://blog.naver.com/forestopia?Redirect=Log&logNo=222501580435,,,,,,T
https://blog.daum.net/csmsjy/7089500,,,,,,F
https://blog.daum.net/leeke2000/16509096,,,,,,T
https://blog.naver.com/eylovesm85?Redirect=Log&logNo=221374213550,,,,,,T
https://blog.naver.com/the_trip?Redirect=Log&logNo=222137243207,,,,,,T
https://blog.naver.com/songbichu?Redirect=Log&logNo=222302604698,,,,,,T
https://blog.naver.com/zzangddoly?Redirect=Log&logNo=221566863556,,,,,,T
https://blog.naver.com/hjlikej?Redirect=Log&logNo=222438305852,,,,,,T
https://blog.daum.net/dhspeciallee/16301384,,,,,,T
https://blog.daum.net/shc77/1415,,,,,,T
https://blog.naver.com/rosecroi?Redirect=Log&logNo=220492868520,,,,,,T
https://blog.naver.com/abm490?Redirect=Log&logNo=220589467102,,,,,,T
https://blog.naver.com/pink_310?Redirect=Log&logNo=222038621622,,,,,,T
https://blog.naver.com/03120808?Redirect=Log&logNo=221408000020,,,,,,T
https://blog.naver.com/jw993?Redirect=Log&logNo=222532081408,,,,,,T
https://blog.naver.com/junjuly4?Redirect=Log&logNo=222249972041,,,,,,T
https://blog.naver.com/k242479?Redirect=Log&logNo=220315291413,,,,,,T
https://blog.naver.com/apdl1242?Redirect=Log&logNo=221716867249,,,,,,T
https://blog.naver.com/skyl131?Redirect=Log&logNo=20124394590,,,,,,T
https://blog.naver.com/dndud4738?Redirect=Log&logNo=222515814251,,,,,,T
https://blog.naver.com/dalyuri?Redirect=Log&logNo=60161697400,,,,,,T
https://blog.naver.com/koreayho?Redirect=Log&logNo=220949366651,,,,,,T
https://blog.naver.com/firstot?Redirect=Log&logNo=222098003158,,,,,,T
https://blog.naver.com/501plus?Redirect=Log&logNo=222050972292,,,,,,T
https://blog.naver.com/webper21?Redirect=Log&logNo=40188634885,,,,,,F
https://blog.naver.com/parksw1004?Redirect=Log&logNo=222463920631,,,,,,T
https://blog.naver.com/kjd4306?Redirect=Log&logNo=140209765718,,,,,,T
https://blog.daum.net/mjk1147/16101897,,,,,,F
https://blog.naver.com/mijin9932?Redirect=Log&logNo=221610935268,,,,,,T
https://blog.naver.com/webper21?Redirect=Log&logNo=40202157954,,,,,,F
https://blog.naver.com/luvcils?Redirect=Log&logNo=220575075752,,,,,,T
https://blog.naver.com/webper21?Redirect=Log&logNo=40206308946,,,,,,F
https://blog.naver.com/redalert?Redirect=Log&logNo=221991188784,,,,,,F
https://blog.naver.com/rnwjfch6728?Redirect=Log&logNo=40188274282,,,,,,T
https://blog.naver.com/realdona?Redirect=Log&logNo=50142587960,,,,,,T
